{
    "avg_prec": 0.44682901037219314,
    "roc_auc": 0.9437881080913167
}