{
    "avg_prec": 0.5429662331849578,
    "roc_auc": 0.9631447534091636
}